{
    "pose0": [
        [
            -0.10279862582683563,
            -0.010219483636319637,
            -0.9946495890617371,
            -2.1433265209198
        ],
        [
            -0.9946922063827515,
            -0.0034198611974716187,
            0.10283810645341873,
            0.7962135672569275
        ],
        [
            -0.004452519118785858,
            0.9999419450759888,
            -0.00981367938220501,
            1.1412266492843628
        ]
    ],
    "pose1": [
        [
            -0.20193247497081757,
            0.03219899535179138,
            -0.9788699150085449,
            -0.8734807968139648
        ],
        [
            -0.979203462600708,
            -0.02662847191095352,
            0.20112530887126923,
            0.5150399208068848
        ],
        [
            -0.019589770585298538,
            0.999126672744751,
            0.03690652921795845,
            1.134966492652893
        ]
    ],
    "H": 719,
    "W": 1279,
    "K": [
        [
            640.1519165039062,
            0.0,
            646.7211303710938
        ],
        [
            0.0,
            639.4090576171875,
            370.1683349609375
        ],
        [
            0.0,
            0.0,
            1.0
        ]
    ]
}