x,y,z,w,px,py,pz
-0.2347367199940294,0.27283968585039414,-0.06288213599515516,0.9308614371023164,-0.2057767798746415,-0.726644631869189,0.01467573053411364
