x,y,z,w,px,py,pz
-0.16762462534882647,0.2028135770525158,-0.02773586633303293,0.9643647440976806,-0.14995679700846676,-0.7303402880963534,-0.12115857057140378
