x,y,z,w,px,py,pz
-0.3880617542223887,0.42392613309242344,-0.17163876816116572,0.8001467626974846,-0.2847426111213469,-0.5981607827467101,0.3629050829852867
