x,y,z,w,px,py,pz
-0.5810730162077983,0.7946877431123813,-0.14827364528875042,-0.09402375707717359,0.5176947791239961,0.5772861139558847,0.5040114333546502
